normal1,normal2,exp,sine,fruit
-1.6371482138693338,0.6213954609210992,2.8741069838232307,0.0,oranges
-0.5429429453550862,-0.9750781760688713,0.0055352709750031755,0.009999833334166664,apples
1.3296822997199178,-1.2225777724268925,0.9182552278509534,0.01999866669333308,cherries
-0.7101197272697414,-0.6454090231734486,1.383994307341376,0.02999550020249566,oranges
0.5302697957293767,1.634574295267528,0.3248044098708043,0.03998933418663416,apples
-0.4390833317156791,1.3338973698115721,0.2528036459074373,0.04997916927067833,cherries
0.6249734194747308,-2.5262430494537984,2.4224294772401818,0.059964006479444595,cherries
0.288167944581502,0.3377269257083669,1.5143138752322984,0.06994284733753277,oranges
0.6462046967729823,-0.9713404634681002,2.5169889589618997,0.0799146939691727,oranges
0.8723366201033995,0.2143124218297068,2.3945687672582747,0.08987854919801105,cherries
-0.6515752946449694,0.9552572491110116,1.9887477705592194,0.09983341664682817,peaches
1.2226939023696555,0.5489906382802634,0.9097772666710374,0.10977830083717481,peaches
3.0549091950380705,-0.6945308722411746,0.7750470262896966,0.11971220728891936,cherries
-0.14995973997927142,0.77093220540095,0.7090248667526717,0.1296341426196949,cherries
-0.6944115158031899,-0.38256021391558237,1.2164465151908543,0.1395431146442365,peaches
-0.8257336752975819,0.714659815366005,1.5369329892562027,0.14943813247359922,cherries
-0.24468004134094312,1.2161565420362295,0.5762732029651765,0.15931820661424598,peaches
0.26776012184461717,-0.5554179270472647,2.5829540464788945,0.16918234906699603,oranges
-0.7793960562305463,0.6648808330635301,1.617396781593986,0.17902957342582418,cherries
-0.6692902354658151,-0.5441524763926183,1.7945335444028379,0.1888588949765006,cherries
-1.3974046754343763,1.5318549320434849,2.0575135419987864,0.19866933079506124,oranges
-1.0733284302245323,1.5183970052995863,3.294840551835122,0.20845989984609958,peaches
1.2303844539336652,-1.1292823783155665,1.0510781479305762,0.21822962308086935,cherries
-1.9414652113949225,-0.4514182691418567,0.5941373718112904,0.22797752353518844,cherries
-0.5273352991007881,-1.1902632721437023,0.43547436037015946,0.2377026264271346,oranges
-0.2587995081688956,0.27394908077488295,0.72860993165869,0.24740395925452296,bananas
-0.31283328411890265,-1.4413767644747095,0.6011852709444395,0.2570805518921551,oranges
-0.4626644119682482,0.7605699684788031,1.6318995365529338,0.2667314366888312,oranges
0.9488936680448087,1.3341786610801598,1.0300133135320801,0.2763556485641138,peaches
-1.4081873308549837,0.5911750555878287,1.6559243054335895,0.28595222510483553,oranges
0.93782142780487,-0.7690090228204074,0.8498976856931032,0.2955202066613396,peaches
-0.398826997421962,-0.7282145919424013,2.760092844183139,0.30505863644344355,bananas
-1.007473598367397,2.32110970277081,0.8942099286210795,0.3145665606161178,peaches
-0.2330036658551331,-0.7903536045886873,0.010902493454816807,0.3240430283948684,cherries
-0.3168494916164472,0.3726028578400985,1.117612731350921,0.33348709214081446,cherries
-0.05522214137375792,-1.0921770835002043,0.2559088258551138,0.34289780745545134,cherries
1.0643733439958982,1.0589218606480053,0.8834810233777669,0.35227423327509,cherries
1.7939179274528596,0.16936542428068924,0.08861807345811369,0.361615431964962,oranges
-0.40904486496550346,-0.46928328103973327,0.7644306932407351,0.37092046941298273,cherries
0.2201878749638874,-0.10042630412298291,0.2016478904559705,0.3801884151231615,peaches
-0.8374278003028851,1.2979599604756424,0.3290748071908463,0.3894183423086505,oranges
1.4671665103368665,0.9366832283593545,1.1492206523691462,0.3986093279844229,oranges
-1.0695701688682047,0.2923283771086896,0.20631901504294625,0.4077604530595702,cherries
2.49050822765789,0.14864868247284238,0.5285024177613216,0.41687080242921076,cherries
0.6388102255670867,-0.03052759776975064,1.8947670892134696,0.4259394650659996,cherries
-0.8298039704562642,1.302233429652038,0.8337909428478086,0.43496553411123023,peaches
-1.275269411951958,-1.147945246316831,0.22673292796143577,0.4439481069655198,oranges
0.36673531459179276,0.964618511632788,2.923075875688991,0.4528862853790682,oranges
-0.5664745412716031,-0.41777020326717745,0.4322644639326811,0.46177917554148284,cherries
-0.8918311839260356,0.8153190009814871,0.5416140192287965,0.470625888171158,oranges
-0.5628014026081641,-0.8058302113453257,0.5431340703447208,0.47942553860420295,apples
0.1765381006254298,1.031846812195515,1.3608670204793116,0.4881772468829075,bananas
0.41277419504345625,-0.47807279688405746,0.14222635928625554,0.4968801378437367,cherries
-0.849162997945812,-1.0254743988617208,0.7686995201660498,0.5055333412048469,bananas
-1.0039627727405445,1.0729732105834677,3.3637821863968598,0.5141359916531131,peaches
0.013472535414555278,-0.5509236787271076,1.7057701709223925,0.5226872289306591,bananas
-1.5064063205197198,-1.3981404096704224,0.6599100012176975,0.5311861979208834,oranges
-0.41637191824305503,-0.31344299835486567,1.4003935611369456,0.5396320487339691,peaches
0.3401773640015842,0.9303902781523661,1.030349881836601,0.5480239367918734,cherries
1.515825936022836,0.973907493109851,1.81779737246441,0.5563610229127837,cherries
0.9669098989014858,0.944229096815097,0.25492321357227765,0.5646424733950353,oranges
-0.06028488929475141,0.4008986791448057,0.7417788306299712,0.5728674601004812,cherries
-0.09401974486538428,1.5472617963304856,0.5990549700658429,0.581035160537305,bananas
0.7110677314766909,-0.14278222892107736,0.9147097807879637,0.5891447579422694,cherries
-2.3598636766247694,0.4819936450543784,2.289688446828841,0.597195441362392,peaches
0.6209386072976045,1.2011230569284255,0.13918731906897594,0.6051864057360395,cherries
-0.25087922845797733,0.2722551895964993,0.9169757609869114,0.6131168519734338,peaches
0.7198856613993024,1.9391700321312804,3.1841375726505414,0.6209859870365596,peaches
-0.6628849678318656,-1.097239783642897,1.1403605311998888,0.6287930240184685,peaches
-1.3205069923157757,0.0222130241366099,0.3707197090146487,0.6365371822219679,cherries
-0.12254200896153417,0.033498352847349054,0.18485214322670754,0.644217687237691,apples
-0.2095970572859809,-0.15881204669369603,0.22585118541985794,0.6518337710215366,bananas
0.32243818054140866,-1.8380617434947402,0.29608321833300894,0.6593846719714731,oranges
0.19629656399837547,-0.368578646690123,0.1820204673021022,0.6668696350036979,peaches
-0.23885286082569673,-1.9290868479148628,0.6441446775663162,0.674287911628145,cherries
-0.554196485383461,1.1166771165707592,0.6004644018803846,0.6816387600233341,oranges
1.6090691324829407,2.5565651051934277,0.3446121853765308,0.6889214451105514,peaches
-0.829925792053794,-0.9460136564695798,1.1260316476520378,0.6961352386273568,oranges
0.02842932178140976,-0.905459059294334,0.4962236680530973,0.7032794192004103,apples
0.7995020198915245,-0.23554180067118516,1.6269641076882442,0.7103532724176079,cherries
0.5733040751364067,-1.8903009602008427,0.9485319929943294,0.7173560908995229,oranges
-0.6300707289160131,-0.49617289919318247,0.41710261758674216,0.7242871743701427,cherries
0.26555589451881545,0.12894177022067496,0.6367851612912866,0.7311458297268959,peaches
-1.180843129629762,1.4136198649951108,2.267235439393326,0.7379313711099628,oranges
0.5832637334255334,1.1890706308048566,2.8837450288849276,0.7446431199708594,oranges
-0.4846332279168152,0.8852476022259351,1.2146815351024076,0.7512804051402928,cherries
1.3781094113814543,0.3148327311145722,1.3007494636880248,0.7578425628952771,oranges
-2.1286338801145717,0.3291831380558725,2.3309836282460035,0.7643289370255052,apples
1.6287247392406772,2.469681567129389,2.671173319072442,0.7707388788989694,cherries
0.21479717025129633,0.4561144965269362,1.3502731061058817,0.777071747526824,cherries
-0.4379700549615198,-0.20807632304049478,0.2012413750066182,0.7833269096274835,peaches
0.15794939011662737,-1.0586320914745941,0.30218826956527195,0.7895037396899506,peaches
0.5553046345109612,-1.5444947608641735,1.4671330100861728,0.7956016200363661,cherries
-0.5786384310802625,-1.0348895554406743,1.5396395421210451,0.8016199408837773,bananas
0.4033165122056542,0.09370514360161182,1.3264949301018063,0.8075581004051143,peaches
0.4920542917277959,0.5991467456053042,0.5602773025844321,0.8134155047893739,bananas
-0.9663788482548947,-0.7668246181957213,1.453823901593931,0.8191915683009983,bananas
-0.4621546412440725,0.10049958992572522,1.8483323476204097,0.8248857133384501,oranges
-0.5569903974443752,-1.3305508812402298,2.659376847341628,0.8304973704919705,cherries
0.009292785980259271,-1.2647032822805335,1.1623489012343906,0.8360259786005205,peaches
-2.1732008572272865,1.2827241947526424,0.9564209936870289,0.8414709848078965,peaches
-0.41747943515275404,-0.8920138890205969,0.5005226558783401,0.8468318446180152,cherries
-0.3522181543074439,0.25302539680567293,0.1889671634173133,0.852108021949363,bananas
-1.7987629099616593,-0.8091626393505911,0.7700575026875732,0.8572989891886034,peaches
-1.1056024008617358,-0.2146652780216365,1.3142145048078329,0.8624042272433384,peaches
0.7136730489702141,0.15414972130233073,1.9840129933535717,0.8674232255940169,cherries
0.519962420114408,-1.1808792351382351,1.3588957490855915,0.8723554823449862,oranges
0.11101673700602091,2.0748082042473257,0.612972040072449,0.8772005042746815,apples
1.0874424729903212,0.6176478757609872,0.09966729373486449,0.8819578068849474,cherries
-0.36727534346804375,0.9315537003621389,1.665731622944461,0.8866269144494872,peaches
0.2907022170309882,2.4646933260679695,1.647939019183119,0.8912073600614353,oranges
0.24116686811650923,-0.15008320694032232,0.33772943700983943,0.8956986856800475,cherries
1.7475795830110081,1.2965982285973963,0.3510687786710283,0.9001004421765049,oranges
0.6788523092029506,1.1458677296082875,1.6281195508716098,0.9044121893788257,cherries
0.04606450385076266,0.060463897184590054,0.0743320637932604,0.9086334961158831,cherries
-0.13245761030601724,-0.46803202883433875,1.3058382355430775,0.912763940260521,peaches
0.189139541577998,0.288370767594091,4.970723615952354,0.9168031087717667,oranges
1.0631249802215827,-0.7335300159189592,1.9479895158070875,0.9207505977361355,oranges
0.15853367618188124,0.845079756172647,0.5063865876490562,0.9246060124080202,bananas
-0.8386994143518339,0.262520839280247,0.3859237432921641,0.9283689672491666,apples
0.8211627524098822,-1.9513475273372112,0.4582486003143075,0.9320390859672263,apples
-0.7822173569481886,1.1124878853444524,0.5101533943386086,0.9356160015533859,bananas
-0.297150600528034,-2.2382495327052445,0.08254072345988299,0.9390993563190676,apples
-1.331415413234562,-1.2865453049967572,0.4301293899244273,0.9424888019316975,oranges
-0.23127217634459413,-0.5256352496876987,0.1810012966168367,0.9457839994495391,peaches
0.5880040892409923,0.9546299570238865,0.4921972013584716,0.9489846193555863,apples
0.5354468280528957,1.154187740728624,2.315432030030563,0.9520903415905159,apples
1.0917437781467247,1.2209354142632103,0.25297807863485455,0.9551008555846924,bananas
1.0309137757321232,1.410483274009584,1.0260115969325552,0.9580158602892251,oranges
-0.13039238215159843,-1.333086163398663,0.08663654004209131,0.9608350642060728,bananas
1.9320733005312252,-0.5613641187608394,0.15130107670656948,0.9635581854171931,peaches
-1.8025857163523695,0.1251806593021599,0.871017915368137,0.9661849516127342,bananas
-1.3918700895443552,-0.7289617534380778,0.23024819315454276,0.9687151001182654,peaches
1.1550293306994202,1.5917182757025023,1.8720534984768635,0.9711483779210448,peaches
-1.1305018622460985,0.17193343988022358,0.11372284002228646,0.9734845416953196,peaches
-0.18797666428354404,-1.392436805567044,1.5668170866459605,0.9757233578266592,peaches
0.9035345572100499,-0.622924708078465,1.1873114699011482,0.9778646024353163,oranges
-0.9933637301366155,-0.1569355900870071,0.3765377205515411,0.9799080613986143,cherries
0.3711280983782366,0.529496379984898,0.2961342551239484,0.9818535303723598,cherries
-1.8914823332611796,0.6279547658473629,0.03675265271631896,0.9837008148112766,oranges
1.297121553039334,1.8686917517623667,0.6494101592913502,0.9854497299884601,bananas
-1.3088775565194588,2.116252166546364,2.095222839527939,0.9871001010138503,oranges
-0.30619189110862377,-1.4094443355718278,0.4814282505029641,0.9886517628517197,apples
0.2848631545131815,0.15196375297126966,0.6506838628959085,0.9901045603371776,peaches
-1.3146637526637377,1.5435821991527234,2.2671926837239127,0.9914583481916863,peaches
-0.7204079728875667,0.23166841767027865,1.7164122491754061,0.9927129910375884,cherries
-0.2836852696585707,-0.4508109856174173,0.03229522167452985,0.9938683634116448,cherries
0.25131637821240904,0.1309280968796435,0.11174894719338357,0.9949243497775808,peaches
0.636520072320974,-1.5376657017234063,1.408114965384389,0.99588084453764,apples
-0.0959764425010481,0.22942169044961863,1.4466508397605276,0.9967377520431434,oranges
0.1721750020934972,1.728893615507483,0.31164215095367637,0.9974949866040544,oranges
1.4451209325232166,-2.6343885852303677,0.48477792528723296,0.9981524724975481,oranges
-0.1288352490653058,-0.6722716877523639,1.0666090045446648,0.9987101439755831,cherries
1.4775802980123787,-0.910110610904171,0.07778674973936936,0.9991679452714762,peaches
-0.004387703320643898,0.44335039540807,1.447366874663338,0.9995258306054793,cherries
-0.5159350425786294,-1.3130228874328316,1.0724596018278012,0.9997837641893571,peaches
-0.9960760791527595,0.6160380635679685,0.6776779608292685,0.9999417202299664,cherries
0.08156539990528915,1.4436148501844528,0.24237065640845876,0.9999996829318345,oranges
0.9046202790775244,0.1031609415728229,0.6509625624227164,0.9999576464987402,peaches
-0.6747554288355692,1.0755349248767057,0.5425334145939318,0.9998156151342911,cherries
-0.8552895178362449,0.5871091253971181,2.9195286750183214,0.9995736030415054,cherries
-0.8829689053617354,2.043477862048616,0.089490844032805,0.9992316344213907,oranges
-2.14897274576843,-1.559865434163963,0.03723694958425347,0.9987897434705241,cherries
1.283813885589775,0.03861619689059762,1.8128751647326404,0.9982479743776325,bananas
-1.3297569544969987,-0.9990872487989566,0.6140933055569161,0.9976063813191737,cherries
1.7449430416010057,0.7431475341781881,1.1433437538052398,0.9968650284539189,bananas
0.6948837639756085,-0.6132480292909999,2.336311163402629,0.9960239899165367,cherries
-1.0808838686608473,0.31906098514030773,0.07265854555502901,0.9950833498101801,oranges
1.379571740165794,0.8224205511128273,0.6898091021656668,0.9940432021980758,oranges
0.3431341395042767,-0.5156646082371057,0.7574943839330389,0.9929036510941185,peaches
-1.52707592042252,-0.9404996481436273,0.1655942151639918,0.9916648104524686,cherries
-0.034648945136312996,0.4041345204678719,0.5602148884425879,0.990326804156158,peaches
1.110424472315035,1.2986014797864522,0.5174812137768088,0.9888897660047015,cherries
-0.2611754884486758,0.8983854470962579,0.08369401716790835,0.9873538397007164,peaches
-0.9722618314601632,-0.2660334926529255,3.7283374027411833,0.9857191788355535,peaches
0.629683770405644,1.726710215183892,0.13242989555585674,0.9839859468739369,oranges
1.3183362718919447,1.0836482154812093,0.4962894313206777,0.9821543171376186,oranges
0.4034492995958515,-0.011175210732296636,0.9203904429819583,0.9802244727880456,peaches
-1.1545188540345068,2.0265779084301765,0.8179891088590019,0.9781966068080449,peaches
0.9934215433889219,0.06882705176905449,1.3272687661373852,0.9760709219825243,oranges
-1.2668022738830798,-1.6678363741683857,0.7101891164592297,0.9738476308781954,bananas
-1.1641605073392534,0.26372895893720694,0.04194730141623898,0.9715269558223155,cherries
1.2222113466841344,1.2497217694903466,1.4251422668615077,0.9691091288804565,oranges
0.1774923325559065,1.030455485592873,0.24320109266788492,0.9665943918332978,oranges
-1.3164053006213075,1.998086797198018,0.6712435146769338,0.9639829961524483,oranges
-0.35477934186123006,0.5428824752288359,0.1239083936050843,0.9612752029753001,peaches
1.168598188648498,0.06572589993504065,1.09687657028642,0.9584712830789144,cherries
-0.16518519904750809,-1.5204510958120259,0.5883702939249537,0.9555715168529442,cherries
0.42738419757823315,-0.5864436561111026,1.0337964374217474,0.9525761942715955,oranges
0.5405481148866426,0.9865474934531036,0.12681749144963186,0.9494856148646306,apples
-1.9994224591458007,-0.3007935002546608,2.265407038337031,0.9463000876874146,oranges
0.227200287271107,-1.932502204480301,1.0515546318486058,0.9430199312900106,cherries
-0.03764461134548013,1.918666046580791,0.6479906559311396,0.939645473685325,apples
-0.008628141837966261,0.2001450589874887,0.4993296526967857,0.9361770523163061,peaches
1.3734464821849615,-1.0947453206599036,2.1835600227738,0.9326150140222005,oranges
-0.2364030859384756,0.5806164308806075,0.6127690826809233,0.9289597150038693,bananas
0.5942328750226813,0.6257287867776701,1.6198014299487544,0.9252115207881683,oranges
2.0712617706746457,-0.22884351189169017,0.23060233045309905,0.9213708061913953,cherries
-0.1293973190018442,0.031305746652738164,0.15637529712690948,0.9174379552818097,apples
0.3944670342914459,1.9688714866822583,0.37352356047265517,0.9134133613412251,cherries
-0.30682396241178495,-1.5433100769230779,0.45857301579445153,0.9092974268256816,apples
-0.16632312976003213,0.10280361889980545,0.2611148788587031,0.905090563325201,peaches
-0.7167543643084234,0.7748115703520172,0.24287524811259953,0.9007931915226273,oranges
-1.115095648958877,2.0149542043504987,0.017616013057768363,0.8964057411515599,oranges
0.9877110907461685,1.6893323834295284,0.592534193914546,0.8919286509533796,bananas
-1.9631935598813446,0.6031519927970537,0.4334168181734605,0.8873623686333755,peaches
-0.8445669222188248,2.767798278298236,0.8488253712095797,0.882707350815974,peaches
0.9326763467152264,0.7155726401780572,0.036822581189025254,0.8779640629990781,bananas
0.6063448323792876,-1.4855981685875406,1.9990786582142965,0.8731329795075164,peaches
1.2600619336398808,-0.4893482840929436,1.0762214108511292,0.8682145834456126,bananas
1.445336559069232,-1.4797603616511716,1.2045689190252198,0.8632093666488737,oranges
-1.6319940691067922,1.4111678475255418,1.0432852889698017,0.858117829634809,oranges
-0.9537194067855019,-0.4663405601492397,0.3861377674546814,0.8529404815528763,oranges
-1.3312751065852946,-1.0145235224179887,0.5553506902879815,0.8476778401335698,cherries
-1.152792925176264,-0.04183907654291228,0.14875645944047078,0.8423304316366457,cherries
-0.661052977241729,-0.23786942605560932,0.53702906997585,0.8368987907984978,peaches
0.7836356053033967,0.02420112156742415,3.3983065613840227,0.8313834607786832,cherries
-0.2601215542552395,1.4957765174409545,3.119089463856272,0.8257849931056082,peaches
0.01919490899461576,-1.6601128386799675,0.256764344317105,0.8201039476213742,apples
-0.005448887305038172,-1.1145246129337865,1.9622299914816936,0.814340892425796,apples
1.091737314044218,-1.4228958702624137,0.37734550374461473,0.8084964038195902,apples
0.6730233660822186,-1.1088658758160876,0.34964033090847324,0.8025710662467473,cherries
-0.6131654613840093,-2.2086594798171197,0.35138571481593545,0.7965654722360866,cherries
-2.4802868996676297,0.05143878090364929,1.6585111193012905,0.7904802223420049,oranges
-0.23376293266714596,-1.4877088822375317,0.8570197806259257,0.78431592508442,apples
-0.29837005557668606,0.7194245865382048,0.6084217372846507,0.7780731968879213,cherries
1.7574979628050817,-0.27155739793057204,0.3310424042011619,0.771752662020126,cherries
1.65913732659559,0.6821129759660425,0.17870483027125267,0.7653549525292537,cherries
-0.6683788771626119,1.7132709938206716,1.3331456513552804,0.7588807081809221,oranges
-0.19433021122561764,0.5467160248255881,1.3574195370760196,0.7523305763941708,cherries
-1.6843084307186265,0.36921464007366733,0.776071662501535,0.7457052121767204,apples
1.7924548450074662,1.43172867208825,1.6502371105659706,0.7390052780594709,cherries
0.2244133329015922,2.0387919782836925,0.5419349169317882,0.7322314440302515,bananas
1.907800232839282,0.9803405116053487,2.809705425120749,0.7253843874668197,apples
1.3536413093134596,0.29207344998257806,1.7493877234325963,0.7184647930691263,oranges
0.44801357799242975,0.5508904399346977,0.25630144355369344,0.7114733527908444,oranges
-0.48473071878951335,1.3428581325844002,1.6099950348191447,0.7044107657701763,apples
-0.29867124579037746,0.9690401917722483,3.949065578254768,0.6972777382599378,cherries
0.44363430291105327,-0.9344808711769974,0.14308137425684664,0.6900749835569364,bananas
0.5424021941505067,1.271866657781443,0.004893373744773463,0.6828032219306397,peaches
1.0650258039287444,-1.5320049252756789,1.6525568658113483,0.675463180551151,cherries
-0.531435130112586,-0.6001532690226001,1.0707077509204161,0.6680555934164909,peaches
1.0982770807327014,-0.805006740722657,2.912773860824131,0.6605812012792007,cherries
0.5299990564348961,1.5955023062718339,4.8234568059575675,0.6530407515722647,cherries
0.058267990080567815,0.3033392111900679,0.4671814359498488,0.6454349983343707,bananas
-0.6171097104830299,-0.7498632969818457,1.062755656747581,0.6377647021345035,cherries
2.0500782183321125,-0.05395345834853718,1.618224270956496,0.6300306299958921,cherries
0.06542773288692721,0.1640811436060325,0.30226988836319996,0.6222335553193046,apples
-0.669399230283578,-0.769689589966557,0.6378789142488801,0.6143742578057116,cherries
-1.1836896149788378,-0.5121289236670877,5.067058879383318,0.6064535233783146,oranges
-0.9231453735614792,-2.4223655446498076,0.7784742770997362,0.5984721441039564,peaches
-0.9756863601595659,2.0494168552856165,0.14784611398137917,0.5904309181139129,oranges
-1.5457564365750796,0.7757204353269744,0.5132881532220553,0.5823306495240818,cherries
0.4780947058270663,0.2152441350362106,0.7359543317221097,0.5741721483545725,cherries
0.02891415541459265,-0.1894273215298476,0.9681442790395687,0.5659562304487027,cherries
-0.23928860325198545,1.020248532549334,0.8372458275364336,0.557683717391417,peaches
0.194098254491599,0.07112948930379881,0.3565088419072323,0.5493554364271266,oranges
-0.3621342721095338,1.4003521972451178,0.1483655683576423,0.5409722203769884,cherries
-0.4117611262675187,0.21042627338238928,1.3705314080693005,0.532534907555621,peaches
0.9822193109481957,-0.7756091269606641,0.6463940922147422,0.5240443416872761,cherries
-1.5067075585011764,-0.759166572899995,0.43805094876856515,0.515501371821464,oranges
0.003904845570486233,-1.2290371787149599,0.43207967706926215,0.5069068522480534,cherries
0.8155754382053286,-1.0397986800996584,1.2623737055816662,0.4982616424118385,peaches
-0.6286416520648531,-0.6363267902821045,2.666364744281429,0.48956660682659947,cherries
-0.5398863114436284,0.48792864076259185,0.5425969144737873,0.4808226149886482,peaches
-1.7058914879660276,2.5573238845364203,2.740402207267404,0.4720305412898826,cherries
-1.5325210652662533,-0.20721515356100012,1.7668164647259623,0.4631912649303451,bananas
0.8565514473976438,0.011589849014824384,1.922153791720159,0.45430566983030646,oranges
0.6443054648357242,-1.1650817728162841,0.6006525760635423,0.4453746445418711,bananas
-1.31930321407807,0.20040756330881496,0.6103117905597006,0.4363990821601263,apples
-0.03461211941724795,-0.01656232241260943,0.24132640947123374,0.4273798802338298,peaches
-1.4536182534802837,0.8683775589136753,1.2639594199501754,0.418317940675659,bananas
0.3025555071844998,-0.6839608447965434,0.15593166627184551,0.4092141696720173,oranges
0.6534607816708918,0.6486349028611146,1.897920502790358,0.4000694775924195,cherries
2.3117519125506862,0.6510626611621397,0.899424984889427,0.39088477889845225,oranges
0.41682872021874706,0.6962320900638287,0.4815371724771737,0.3816609920523317,peaches
-0.23336120734993845,-0.07755602677004093,4.190683220417886,0.37239903942505576,cherries
-1.3369308433326763,0.04949735174057807,0.6532205529513626,0.3630998472041683,cherries
0.9673172074825955,0.6964059573760939,0.7332373670557988,0.35376434530114315,bananas
-0.6394720626226676,0.20655594104078162,0.12420328221416967,0.34439346725839004,cherries
-1.4206429112155932,1.0151052970640608,0.11647014032766333,0.3349881501559051,oranges
0.5114355231670921,0.15700744948865547,0.27264465713217034,0.3255493345175601,oranges
0.2292551384684505,-1.4914685806937285,0.13601819107053728,0.31607796421705386,cherries
-0.9211283222838761,-1.6579637324734515,0.6718633026430012,0.30657498638352293,cherries
-0.004311379786935507,-0.9292936538291795,0.12478734365706536,0.29704135130683246,peaches
-1.6553393098660913,-0.21339960769137378,0.7341058834114322,0.28747801234254444,cherries
-1.325482029356839,0.8977309014807785,0.7764832313433633,0.27788592581658683,oranges
0.5136576977792751,0.8565329492943259,0.532100010536994,0.26826605092961797,peaches
0.19958215201611246,0.38850137779287064,0.21030947602600747,0.25861934966111083,cherries
0.28707010447918074,1.1983049170686684,0.38531400346392014,0.2489467866731526,oranges
0.11050840353401259,-0.627756883931254,0.40461642589087987,0.23924932921398243,cherries
0.7132220249491825,0.06475693469971712,2.0133858502655295,0.22952794702126422,apples
0.15128908530841556,-2.224145573679865,1.5309545613904052,0.21978361222511697,oranges
-0.06947637906580535,1.1461266525217746,0.4242835883448453,0.21001729925089915,apples
-0.7104732915334041,-0.836920366011557,0.014203158422854951,0.20022998472177053,apples
0.05832751575241976,-1.262623930897905,1.3722192880381763,0.19042264736102707,apples
-0.5711687212490054,-0.4512984853368985,1.0831310316947924,0.18059626789423294,oranges
-0.527626910248582,-0.5828127690261143,1.694915338456656,0.17075182895114532,bananas
-0.18991145208901522,-1.0838100980320775,0.2885857804365181,0.16089031496745576,peaches
-0.15949425168764672,1.7043296011262343,0.31118704654919527,0.15101271208634384,oranges
0.20991066313612325,-0.2863238881345366,0.39174006713624615,0.1411200080598672,cherries
1.5214909688056926,0.4326541740941894,2.9612589882205094,0.13121319215018423,cherries
-1.6736537875993005,0.8562931323051531,0.967133286505229,0.12129325503062977,oranges
-0.28231552574777136,-0.8239091476537576,0.5491372830634955,0.11136118868665003,apples
0.1788198116779384,-0.00035400490711873814,1.4828938697469998,0.10141798631660187,peaches
-0.6282376581800327,1.0082795619155756,0.232651802059287,0.09146464223243721,bananas
-1.0543930193474966,1.6914968526334255,0.3372795819988044,0.08150215176026913,peaches
-0.5363078205033134,0.7221040235409009,3.0979812105329683,0.0715315111408437,cherries
-1.5785465117575654,-1.263596071765342,2.5327672759152033,0.06155371742991315,peaches
-0.5454475734588089,0.3209455897551539,2.0642204325178333,0.05156976839853464,peaches
0.7945787458725709,0.08770074083112794,0.11436987872696316,0.04158066243329049,oranges
0.5264028078745904,0.9449625460821449,1.871600191296812,0.0315873984364539,cherries
-1.0075784005664967,0.43804090387623257,0.7114193756142745,0.02159097572609596,cherries
0.4258711918003053,-0.06464995667361251,0.4765976914695936,0.011592393936158277,bananas
0.5319365954978812,0.8783078386170657,0.9205830063419785,0.0015926529164868282,cherries
-0.9290540529266506,0.04055947510901879,0.7994880774299654,-0.008407247367148617,oranges
-0.16544508659946994,-0.7815680478502416,1.7592047522756042,-0.01840630693305381,cherries
0.9622672298460174,-0.4592154490136171,0.1869005315440115,-0.02840352588360379,peaches
-0.4818698205909109,0.8534330409788711,2.178169365917026,-0.03839790450523538,oranges
-0.5455228178129828,-0.2516555225257942,0.5239257063514215,-0.04838844336841414,oranges
1.3169226249482755,-1.3207475582866004,0.28369988036548804,-0.058374143427580086,peaches
-0.7598397951038255,0.22242837524762307,0.2770088102536007,-0.06835400612104778,bananas
-1.5108841569192635,-0.06742052884733299,0.8210716760247733,-0.0783270334708653,cherries
1.02592688900097,-0.14338517725724131,0.3482705766918256,-0.0882922281826076,cherries
-0.9554602537517125,-0.2077699704888026,0.5563482857219747,-0.09824859374510869,oranges
-0.90167755222586,-0.28140260640163967,1.0673774473810367,-0.10819513453010839,cherries
0.2856486845369137,-0.5769497419836565,0.977890474466384,-0.11813085589181738,cherries
0.9743084967112751,-0.6293899049089055,2.4191500215317894,-0.12805476426637968,peaches
0.7204565929992163,-0.0025938438528395375,0.017857318848123534,-0.13796586727122687,cherries
1.122371848146598,1.47121708220617,0.6903957700426673,-0.14786317380431854,peaches
0.7652659376139214,-0.5756333318924876,0.626924171038159,-0.15774569414324824,cherries
-0.8565092455589897,-0.6431264920719897,2.2793663238769546,-0.16761244004421835,cherries
0.5587145290624438,-0.6032084165018409,0.3557975137901651,-0.17746242484086017,peaches
0.4491058398131089,0.19143964929127782,0.37397956659119896,-0.18729466354290322,oranges
0.7245708611669447,-0.6537222745835203,0.9881831303944324,-0.1971081729346699,cherries
-0.8287561940822877,-1.8507040086085735,1.9607358206961005,-0.2069019716733998,peaches
-0.20265219694338046,0.9329032691717497,0.6357549376003508,-0.21667508038737968,oranges
1.6107481367289407,0.933549944153274,0.4737041921810901,-0.2264265217738832,cherries
-2.3363511108373944,-0.5792886104342644,0.6615653256235808,-0.23615532069689704,peaches
-0.0691286731785031,0.10233676523642454,2.8436671127288844,-0.24586050428463707,cherries
0.6048418522012226,0.23077706993632296,0.20590666615413825,-0.2555411020268313,apples
0.025029512403503863,-1.3503959408776898,0.55718361251874,-0.2651961458717734,peaches
1.0706625832293997,1.3245466959157324,0.027217443093510305,-0.2748246703231241,oranges
-0.3869091891157227,0.4269055223410354,2.473839666821734,-0.2844257125364626,peaches
-0.3060389256575778,-0.027767857727511964,2.8775481475450633,-0.2939983124155677,apples
-0.9335045422315124,-1.6794594623941919,3.3705415272418,-0.3035415127084294,cherries
-0.539111655820661,-0.24380524973688952,0.052660474686356054,-0.31305435910297025,cherries
1.1601316472664596,1.5306458153476492,1.3285292934135624,-0.32253590032247903,cherries
1.5396441180785396,0.05208800548483099,0.4847587742029254,-0.33198518822073414,oranges
0.7913010852516409,0.5091248732692236,0.43289495498762887,-0.341401277876821,oranges
0.2129429528100075,1.4492640647483694,0.28258810096166476,-0.3507832276896199,cherries
-0.7751670484246788,0.13599814476004413,0.7373280388353528,-0.3601300994719682,peaches
1.6721222432441802,1.6302147232748285,0.004068095339897511,-0.3694409585444771,peaches
0.3543547455743538,0.9614870622679533,3.8955176583931226,-0.37871487382899766,peaches
1.3722899407206108,0.6040141588231904,0.2517833288270436,-0.38795091794173037,cherries
-1.67276816799747,0.2427924585140585,1.1909446107886792,-0.3971481672859598,peaches
-1.398453310817073,0.1500336062626834,1.1848302123826928,-0.4063057021444168,bananas
0.6062054253004073,1.1026566367735966,1.306571748924154,-0.4154226067712459,bananas
-2.559709999908618,-0.6755846272434487,1.6101081280990925,-0.4244979694835826,cherries
0.979980673680577,1.6694098498131944,0.9873488998682232,-0.43353088275271773,oranges
-1.1922561461838352,-0.09406364486032867,0.00803384730650942,-0.44252044329485246,bananas
0.6587795086596326,0.16194034264858084,1.9311233987742602,-0.45146575216142315,bananas
0.3927324097350254,-1.546525656620737,1.4152968709729343,-0.4603659148289983,peaches
1.1755502160498317,0.9088421681489246,0.2054149358812293,-0.4692200412887271,peaches
-1.3070411445926058,0.8909944330076857,0.06566519298444375,-0.47802724613534286,cherries
0.32724618406661843,0.35281388143330855,0.30183015328292045,-0.48678664865569937,peaches
-0.5360990399815161,-0.8349077558935895,0.9538560213790648,-0.4954973729168449,oranges
-0.1451596149943857,-0.5637174957272522,2.440132145115006,-0.5041585478536115,cherries
-0.36435143190790337,0.057832441708541474,0.5299784069694992,-0.5127693073557238,peaches
-0.13424805515866906,0.4830300444684616,1.004171029907271,-0.5213287903544065,peaches
1.9580997802311826,0.42138411555478805,1.229029334054894,-0.5298361409084933,oranges
0.5616199456648616,-0.9244939591537241,0.6844580176383003,-0.5382905082900176,peaches
0.31917956110243734,-2.1057985590451858,1.5043633619729946,-0.5466910470692872,peaches
0.9615511282699365,0.8163697741821377,0.32330097430029875,-0.5550369171994237,apples
0.08593461926083851,0.6351693797924859,0.3718097233943911,-0.56332728410037,bananas
-1.0830550210735932,-0.5288312865039377,0.24111940085231984,-0.5715613187423437,cherries
0.718248080640928,0.2196620565584337,0.24542097145026237,-0.5797381977287427,apples
-1.3866286700016104,0.10207585109119774,0.9656683161869785,-0.5878571033784827,oranges
1.508005910891033,0.33240717791992513,2.3023710782490987,-0.5959172238077638,bananas
-0.2688718390621842,0.15517788947709638,0.7946252911315487,-0.6039177530112605,bananas
-2.852126807415531,0.5592401838314138,0.8002292844677605,-0.6118578909427188,cherries
-0.10514162876137127,-0.3231673216656933,0.08883791847475922,-0.6197368435949632,cherries
0.7164872480260567,-1.0546307966822617,0.8849723072724581,-0.6275538230792933,bananas
0.3152307317366845,0.34292189943518486,0.47389671302670927,-0.6353080477042756,cherries
0.08445411029703291,-0.2014553134589743,1.1371561008192872,-0.6429987420539087,bananas
-0.684225308962336,-0.3468500127325409,1.2817897106954765,-0.6506251370651673,peaches
-0.16704059990550532,1.1255235834765178,0.3045358075059572,-0.6581864701049048,apples
-0.055331949008524464,0.2369571935616631,0.8452113490795832,-0.6656819850461192,cherries
-1.1786170451055231,-0.7580810949909317,0.21356715851449795,-0.6731109323435617,cherries
1.2898013447479024,-1.1607675858748983,0.3039828887778325,-0.680472569108694,apples
-0.9490111319612325,-1.591195903472436,0.20539754761421816,-0.6877661591839738,oranges
0.07846113193489432,0.9052803402981919,0.018433602998742207,-0.694990973216472,apples
0.28164730950725736,0.5896507508076988,0.6125984972402627,-0.7021462887308055,cherries
-1.759829866401013,0.027588623825567194,0.9181995872681842,-0.7092313902013861,oranges
-0.4943490911766087,-0.3214919724319247,0.31553847269390495,-0.7162455691239706,cherries
-0.14775990071614808,-1.1816705347645267,0.02418345862456208,-0.7231881240865122,bananas
-0.28606350993002944,0.019656065799591463,3.305809322926451,-0.7300583608392996,oranges
1.0755927554663787,0.9607583007872803,0.3085463228444557,-0.7368555923643835,oranges
-0.676577257090515,-0.36273815458908215,0.3703857286204853,-0.7435791389442747,cherries
-0.07696340418374738,-0.24059793604867377,0.20241452916593639,-0.7502283282299191,peaches
2.6132054767089663,-0.8408555867341219,0.24613957019085259,-0.7568024953079284,peaches
-0.8682798759272988,0.006469096698121755,0.865881605408843,-0.7633009827670735,peaches
1.2552980925658603,-1.710213053595569,0.7705313263197678,-0.7697231407640239,peaches
0.34162901995442546,-0.03951727095448174,1.0207895263556763,-0.7760683270883324,cherries
1.6051398739836897,-1.0939189064005952,0.7493958489194381,-0.7823359072266529,peaches
-0.2624094081576273,0.6549559398281878,0.40400266143374547,-0.7885252544261951,oranges
-1.9914532597894534,1.0087761103246333,0.49592634115242257,-0.7946357497573969,cherries
-0.17869689385121884,-0.6641150873763109,0.556881353280572,-0.8006667821758178,oranges
-0.8707327567049441,2.2776576413384966,0.6393484099479559,-0.8066177485832406,cherries
2.51040472147251,1.847758829850143,0.5425296773776331,-0.8124880538879843,apples
-0.8552078139394054,0.34044565459897486,0.052973365826391144,-0.8182771110644104,oranges
1.0939300137329846,0.8148980698084908,1.0086191257836075,-0.8239843412116258,oranges
-0.22785872341226823,-1.275986642177601,1.2000905011865814,-0.8296091736113709,peaches
-0.10548073780285498,-0.06609591219171256,0.5386696447399343,-0.8351510457850936,cherries
0.7145203282593563,0.20365124229324744,0.02863409388794309,-0.8406094035501945,bananas
-2.3557914002689757,0.20824728733984021,0.009556849413018842,-0.8459837010754465,cherries
1.0524656734312758,0.8216790910325606,1.84154459571114,-0.8512734009355745,cherries
1.6884674600633804,0.12111856530359802,0.2746450001209016,-0.856477974165001,bananas
-0.8307593273992823,-0.5628555688275116,0.5465311133748475,-0.8615969003107404,peaches
-0.16895116145288053,-2.4633275666658054,2.5840824948439898,-0.8666296674844441,oranges
-0.9772579289308759,-1.5661278137602055,0.7563022844452935,-0.8715757724135881,cherries
2.1092974896308436,1.0730768283592356,0.8612493559724825,-0.8764347204918013,cherries
-0.5987054393850622,0.5059543202101333,0.7741600371691715,-0.8812060258283251,cherries
0.5750269607825574,-0.7252625720783934,1.2444994440585524,-0.8858892112966025,peaches
1.0413463133104552,-0.17643302910955488,2.0246053070306864,-0.8904838085819883,peaches
-0.026465996888009397,0.5026865166402485,0.14946317195798137,-0.8949893582285834,oranges
-0.26522392867728267,0.2686366967061543,0.0973548322232061,-0.8994054096851775,peaches
-0.9997469975423536,-0.07932425578163965,0.6871517100665966,-0.9037315213503052,oranges
0.2608342768707657,0.556129958938175,0.6437486042041001,-0.9079672606164052,cherries
0.009498939089363162,-0.659584004874775,1.2194528863331584,-0.9121122039130802,oranges
-0.45178805447473536,0.19484041129497726,1.3949623034845444,-0.9161659367494548,apples
1.2776154565500895,0.5299095162724591,0.06042950370017422,-0.9201280537556235,peaches
-0.6890687626702938,-1.490039924775784,0.4795874651150514,-0.9239981587231878,cherries
0.36733674197445104,0.6260955298598516,0.02083031390310106,-0.9277758646448755,cherries
-0.3911021513788242,-0.7877183352190075,0.22922624197283972,-0.9314607937532425,apples
1.4120734119077827,0.7370724076174028,1.0257027742841653,-0.935052577558449,oranges
0.9161875655077388,0.7851458308162378,0.2258778276371854,-0.9385508568851078,apples
1.4072098050800417,-0.6345922555184729,1.3861090553494715,-0.941955281908201,cherries
0.9338048809946886,1.0916625944653109,0.10674467942932969,-0.9452655121880634,oranges
-1.1237943908243888,-1.006190461548614,0.19969319448613992,-0.9484812167044256,oranges
0.7202154528221909,0.03904684060047557,0.21988136365732433,-0.9516020738895161,oranges
-2.044015660092066,0.42357621988385397,5.268656617491323,-0.9546277716602164,cherries
-1.1674388918089422,1.141374487483641,1.1769365311769517,-0.9575580074492712,bananas
-0.3126537548136735,0.8482979005976274,0.10271161279034954,-0.9603924882355435,cherries
-0.4654369943603195,0.10094116920215554,0.3700907178023439,-0.9631309305733168,bananas
-0.9256956614508914,0.3274322476629105,1.7174708392171172,-0.965773060620639,cherries
1.3494391016631013,1.057246030684821,2.1704591760056053,-0.9683186141667073,apples
1.005739659966123,0.46836277519674185,0.6246279270829146,-0.9707673366582884,peaches
0.5594383060165734,0.6769298970188056,0.3160152367713967,-0.973118983225174,cherries
0.5555087193742166,1.104670499047092,0.16420569723174144,-0.9753733187046666,cherries
-1.142421065209866,-2.0309637293306655,0.02687487549970753,-0.9775301176650971,cherries
-1.2943378908664092,1.2744665552625598,0.7785569828082094,-0.9795891644283669,apples
-0.6544758238155585,-1.9094414924319847,0.5958591121891182,-0.9815502530915154,cherries
0.5777187745599817,0.6344621422421507,0.45240906616811905,-0.9834131875473108,oranges
-0.8964389420581792,-1.035435878550781,1.3269475262846502,-0.9851777815038595,apples
-0.7752509587320507,-0.3572962804584144,0.1917986024674731,-0.9868438585032365,cherries
0.05867796733096808,-0.9860204977043808,1.417666038135782,-0.9884112519391304,cherries
-0.3236088332176315,0.2869155263801477,0.8115034311315338,-0.9898798050735038,apples
0.0480861332832654,0.48933381988739777,0.47167994973792476,-0.9912493710522668,cherries
2.793645094969448,1.2112672208725246,0.5971116279757094,-0.9925198129199629,oranges
-1.060405008036562,0.2254803483350424,0.5222391753996899,-0.9936910036334642,cherries
-1.7697236852400873,-1.3399136641940268,0.5501820917231577,-0.9947628260746754,peaches
-0.056002496722699684,0.520315190806348,0.41889267779049716,-0.9957351730622452,peaches
-0.45001958140373255,0.22610886688522552,2.072642149618672,-0.9966079473622854,apples
0.8456042995664956,1.6523498843319868,0.3520290044429436,-0.9973810616980933,peaches
0.035716815536687076,-1.1948516681712766,0.28548731393647475,-0.9980544387588794,cherries
0.32782103617662744,-0.9177768257145712,0.8184409015870976,-0.9986280112074989,peaches
-0.63872634756789,-1.0559736394577899,1.6407108210092998,-0.9991017216871849,bananas
0.7757479104583372,-1.0909074462154469,0.15862351977840966,-0.9994755228272841,oranges
-0.3113561694795785,-0.06090539145231213,0.04521657629577856,-0.9997493772479942,cherries
-0.028242065877385487,0.4540182330588848,0.808284400535712,-0.9999232575641009,cherries
-0.2733587399933637,0.41138763067354117,1.9823021668370577,-0.999997146387718,cherries
-0.28536544866172825,-0.03143936202827072,0.22048111623365232,-0.9999710363300245,peaches
0.07184210563999602,0.4264289144741982,2.987934269313969,-0.9998449300020046,peaches
1.8579459563948433,-0.5736526703452672,0.15477056278983645,-0.9996188400141856,peaches
-0.38037399364050484,-1.0625930428364025,1.6809358632236113,-0.9992927889753781,peaches
-0.826309639739382,-1.458910834316901,1.889044253582469,-0.9988668094904144,oranges
0.5904089208656425,-0.3181991714152944,0.4945596791682247,-0.9983409441568877,peaches
-0.7709463683211402,-0.7952309705182555,0.6249926689688585,-0.9977152455608933,peaches
0.23008484286703063,-1.0541786171621181,3.033205569284594,-0.9969897762717695,oranges
0.4394615739987298,-0.7595411317762132,0.7580462610556546,-0.9961646088358407,peaches
0.9844798895256324,2.623264728125029,0.8179049335834561,-0.9952398257691626,apples
-0.4502175138597126,2.3582101758093557,1.2333599915792421,-0.9942155195492712,cherries
0.9508976979672142,-1.1227008362751434,3.282317295982263,-0.9930917926059353,bananas
0.043329997502657265,-1.4390629447248466,0.6364294188660613,-0.9918687573109125,oranges
-1.6275332693852644,0.016119376736797128,0.7119553068432537,-0.990546535966713,oranges
0.5300158127514505,0.6246951722582332,1.181755074074634,-0.9891252607943697,bananas
0.32872275621917674,-0.26830705520765,0.7814991593175648,-0.9876050739202152,bananas
-0.38648314147893226,0.2182577406365041,0.33654715114342715,-0.9859861273616704,cherries
0.03816172929181681,-2.8803902785927837,2.262311520357028,-0.9842685830120416,bananas
-0.4553777212345474,0.13509458381471262,1.3390208056261355,-0.9824526126243325,bananas
-1.6417157005163765,1.7674095817973228,0.9878613971364362,-0.9805383977940689,bananas
-0.2472074876508486,-0.07020383437947438,0.1502777990784313,-0.9785261299411386,apples
0.3232270090728695,-1.7356207303188422,1.4103516977857655,-0.9764160102906498,peaches
1.5979424339114137,-0.7856481480448425,0.6670084752558216,-0.9742082498528092,oranges
-1.547055404630626,0.9866149800448585,1.820289615463648,-0.9719030694018209,oranges
0.21619458470639627,0.7716487657728567,1.3776837419306431,-0.969500699453809,apples
0.08386539190895259,0.9909067481137209,0.06413030663589146,-0.9670013802437663,bananas
1.612014743836941,-0.4595716139457297,0.9027555807313543,-0.9644053617015307,apples
-0.6311894147617296,-0.7650154681154845,0.4629492026923999,-0.9617129034267935,bananas
1.3172861535322955,-0.4350824350873684,1.264096923051452,-0.9589242746631386,peaches
0.34459358082465175,-1.277557562712402,1.3948322499735506,-0.9560397542711182,cherries
-0.22241366762858125,-0.7282044621547944,3.6517848865198803,-0.9530596307003678,bananas
1.542839102905949,-0.921144582004259,0.48824483774278205,-0.9499842019607608,cherries
-0.6411492921608295,-0.23460224042825342,0.8168210427813231,-0.9468137755926089,oranges
-0.8020722737568963,-2.9948446844217558,1.1324596275992205,-0.9435486686359067,oranges
-0.5468000218339953,0.9289498257862037,0.2014179284927226,-0.9401892075986287,oranges
-0.12326123913848835,0.12575439792241486,0.5338734555004008,-0.9367357284240789,apples
0.2093833607921405,0.43170061618309,0.3728687211155478,-0.9331885764572976,apples
1.386785028088522,0.5503353581343429,1.5188869992986371,-0.9295481064105251,peaches
0.9374922078454464,1.4796357147304366,0.23934992982441666,-0.9258146823277323,peaches
-1.5073149292565777,-0.6943496190780931,2.213147753899405,-0.9219886775482162,apples
0.29361330963398635,0.22642551522266313,0.3279602970743097,-0.9180704746692668,peaches
-0.6409752549731331,-0.28566952523151196,0.9701135884033807,-0.9140604655079069,bananas
0.5080565324137418,-0.5156948496314052,1.5693069295314324,-0.9099590510617105,peaches
-0.21944728046090742,0.9446561806668312,1.6291664960768353,-0.9057666414687043,peaches
1.6650587363498592,-1.0753368305971898,2.234433013096741,-0.9014836559663547,cherries
0.8484990643396328,-0.18222393779415758,2.810254000171961,-0.8971105228496423,oranges
-0.37763378225523825,-1.3084589107008382,2.048233525324043,-0.8926476794282345,oranges
0.24532022571308584,0.0007544282830891573,1.222778773303429,-0.8880955719827541,cherries
-1.2618432099768082,0.17324147391234074,0.777862271418522,-0.883454655720153,cherries
0.17644125881831643,-0.46747423889662015,0.5577223886398439,-0.8787253947281898,apples
-2.408724766336051,-0.1430385555077808,0.11864156236886364,-0.8739082619290223,apples
1.2871231232746252,-0.6579908235298508,0.4622220773164831,-0.869003739031916,bananas
-0.5349945656823983,-0.569045521211312,1.7949837521254415,-0.8640123164850743,cherries
2.192175048954851,1.009655934112948,0.6248169872005743,-0.858934493426592,cherries
1.6972067854078368,-0.12765370795455805,1.347212945549408,-0.8537707776345433,peaches
-0.17558960993510644,1.7405633412613664,0.39347032399854576,-0.8485216854762045,cherries
-0.6381649980282698,-0.7961425469301253,0.2568035566094399,-0.8431877418564168,oranges
-1.175866426879596,1.6881440473656029,0.8804195940279838,-0.8377694801650978,cherries
0.2915386722214376,1.9415878635625603,0.2597471335674951,-0.8322674422239013,cherries
1.082791162961993,1.6429449309035307,0.38205338194916394,-0.8266821782320363,cherries
-0.4047901159625234,-0.38369856349545434,0.6133304188921574,-0.8210142467112471,oranges
0.4882028517558525,0.9928067400569853,0.184711367521669,-0.8152642144499636,oranges
-0.527388470948253,0.897728642074484,0.5200925965157469,-0.8094326564466195,oranges
-0.7092873198981996,-0.5249766982091321,0.6916466050831573,-0.8035201558521559,cherries
-0.2021486108795936,-0.7004121688128813,0.036847355477750615,-0.7975273039117043,cherries
0.23435272993044015,-1.3305585338111119,1.4241067178096052,-0.7914546999054661,cherries
-1.0467867012896228,-0.6347221576546125,1.5179216482171003,-0.7853029510887807,peaches
-0.5073888843246934,-0.1913319981825442,0.8319318440815587,-0.7790726726314032,cherries
0.8262713855886853,0.16004373694196258,3.0161648899905655,-0.7727644875559873,peaches
-1.6051202108960285,0.38834373792669447,1.0706421235862649,-0.7663790266757844,apples
0.1677047497154646,0.3057482664705836,0.4521712072954556,-0.7599169285315611,peaches
0.5365191237671826,0.9538841864869136,0.020153868572339372,-0.7533788393277466,bananas
1.6190224238601856,-0.7492310927041116,2.278251543581444,-0.7467654128678124,peaches
0.04258664544973584,0.2782453341403105,0.2724577441366118,-0.7400773104888945,cherries
-0.1685085032785695,-0.3207570881952467,0.6622245197083863,-0.7333152009956566,oranges
1.3952368702992919,2.3317394245324037,1.0465362593401204,-0.7264797605934131,peaches
-2.0118833981742794,1.3109983199546353,0.08774283668136089,-0.7195716728205075,cherries
0.15628747156684275,0.3717367811269571,0.18291553260217946,-0.7125916284799616,bananas
-0.532049074323239,0.0355930830133268,0.88265275727774,-0.7055403255703919,bananas
-0.8036871253149692,-0.9675408481115396,0.6786565506121024,-0.6984184692162136,oranges
1.7877495871694011,-2.8110207100151032,3.572831339254722,-0.6912267715971271,cherries
-0.6006742597815304,-1.690075994638905,1.9602293379922842,-0.6839659518769007,bananas
-0.13668641448501712,0.6337645214833365,0.018341669871809314,-0.6766367361314568,apples
-1.1477860628628254,-0.21172543566824875,0.05029046963559766,-0.669239857276262,oranges
-0.6042522550743596,1.1882510623158995,0.24878329506014688,-0.6617760549930375,cherries
0.015383281997550827,-0.4689348108630616,0.8972378098113801,-0.6542460756557913,cherries
-0.2937377610613234,-1.2411343003567958,0.06382475589457536,-0.6466506722561834,peaches
0.7116990524935457,0.4929399382421627,0.007363291233899966,-0.6389906043282236,peaches
-0.9844391061843122,-0.17142113521702287,0.2098887600096012,-0.6312666378723215,bananas
-0.9438139730336808,-0.9283290170699603,1.9291490501758866,-0.6234795452786852,apples
-1.7094018402521418,-0.2291295686567968,1.6164694251270768,-0.6156301052500863,oranges
0.29234582321303515,-0.9381891966161975,0.08573149306186,-0.6077191027239858,cherries
-0.25089858060495623,0.2579866345848214,0.2396156870901528,-0.5997473287940437,peaches
0.28106268583529187,-0.30426486954642257,0.020245433178228325,-0.5917155806310093,bananas
-0.5169129560624183,-0.7050103974780266,1.2339699475354915,-0.5836246614030072,cherries
0.5176674834995829,0.39902312232795084,3.306012699424729,-0.575475380195217,cherries
-0.4753137873140325,-3.0263259090186816,3.5763491905895592,-0.5672685519289685,cherries
0.42441623371293086,0.48883762805999537,0.853356101668321,-0.5590049972802487,cherries
-1.99140160259614,-1.1375967043572655,1.7511087993120606,-0.5506855425976375,peaches
0.37106740228810525,0.8691079227335402,0.8229637716485858,-0.5423110198196697,cherries
-0.972626111863465,-0.043362999838392424,0.9218732445938846,-0.5338822663916442,oranges
-0.7412590790870484,-0.9113036461416342,2.005130014034483,-0.5254001251818792,oranges
-0.7800417892625959,-1.4489388885273382,1.6341033798445577,-0.5168654443974287,cherries
-0.6020228927210285,-0.8929196489695125,1.020155728312524,-0.5082790774992583,cherries
-1.6024897764448778,0.3240402216266333,1.7836004363063194,-0.4996418831169024,bananas
1.6886953961059714,-1.0286148352458735,0.19974700763106445,-0.4909547249626017,oranges
-2.0290234871291686,-0.3177546465592203,0.3853094068631013,-0.4822184717449315,cherries
1.7069976662469097,-1.890613807452436,0.5048090170448051,-0.473433997081935,cherries
-0.23192233808891516,1.5920590749463588,0.06404144360534476,-0.4646021794137573,cherries
0.22229922458667978,-0.01325885672236329,0.05476154414601628,-0.45572390191480544,cherries
-1.2712558326403494,-0.5150885873602976,1.9587296961247591,-0.44680005240542997,apples
-0.29697716014800296,-0.8394349113287715,1.2503809625559732,-0.4378315232631469,bananas
1.1431817454460373,-0.43267962382501396,0.09487914196851156,-0.42881921133339584,cherries
1.2637738347150778,-0.5792527556197161,2.45921908765618,-0.41976401783985967,apples
-1.1836402872988139,-0.4295537035739203,1.8824699310868995,-0.41066684829434086,bananas
-0.8923926301266552,0.6547416649857303,0.29539521898057886,-0.4015286124062146,peaches
0.3971519356499818,-0.5600567011155548,0.5799008495247898,-0.39235022399145386,cherries
0.0035511791019376734,0.39524058789391453,1.250016840394879,-0.3831326008812514,cherries
0.7922192432039047,-1.0722411971527614,0.3093464771173674,-0.373876664830236,oranges
1.889731205103268,0.03960717506662896,3.6718035420445414,-0.3645833414243014,cherries
0.05105299404204525,-1.1124609230205325,0.23852186906742878,-0.3552535599880427,peaches
1.082691759018973,-0.10781874919886636,2.617138162503179,-0.34588825349182883,apples
1.5217216456080658,0.484698149715579,0.8162932885308154,-0.3364883584585043,cherries
-0.6880292376104824,1.2141280088362492,0.5064366840941473,-0.3270548148697407,peaches
1.0045066536607175,0.10401494314133257,2.8916346353095848,-0.3175885660720349,peaches
-0.36240490662480823,0.390209901074467,0.732371808615774,-0.30809055868237817,cherries
0.07580906714185555,-0.6908432723197234,0.7529025191721563,-0.29856174249359363,cherries
-0.8562066003335292,0.19717759920351796,0.3296624180157034,-0.2890030703793612,apples
0.7763480084649048,0.156112822728279,0.4660917336639352,-0.2794154981989259,cherries
0.21737265403735873,0.2685243319688066,3.6740251103271593,-0.26979998470151617,oranges
0.7994331949393524,-0.6832266577222071,0.015547073717036865,-0.2601574914304689,peaches
-0.5043985778419369,1.8629618214003085,1.1486561065363445,-0.2504889826270749,cherries
1.0480931980924009,1.4906838162165865,0.23291407558146957,-0.24079542513415922,cherries
0.6387918885225514,-0.6487268932149121,0.01737498762136982,-0.23107778829939227,peaches
0.038328040336569176,-0.3701595968404145,0.8426017282293776,-0.22133704387835956,cherries
-0.7020447167198766,-0.36592908417749515,1.9276057983189538,-0.21157416593738507,oranges
-1.4682651037122652,0.8237773345793091,1.3308857683989646,-0.20179013075612892,apples
0.5351101506484347,-1.596924446350612,0.9790126646453723,-0.19198591672995505,cherries
-1.826746972317693,-1.8025587710785846,1.228929553417786,-0.1821625042720959,cherries
0.5816912568432268,0.04526484662256052,0.33199002609914663,-0.17232087571561028,oranges
0.910474283067789,-1.0267020353987233,0.1851024501454029,-0.1624620152151542,cherries
0.5065038243363309,1.1459620196809064,1.8615699126446708,-0.15258690864856117,bananas
-0.37342897481627163,-0.7810502897720039,0.8275197279754258,-0.1426965435182586,cherries
0.37720007712602865,-1.3085878255442511,0.4104566259276517,-0.13279190885251674,apples
0.8598764887107514,-1.0890761762031087,1.110906443868792,-0.12287399510655006,apples
-1.917288092482915,-0.37647917978194545,0.4279610811547126,-0.11294379406346737,cherries
0.884414502884139,1.2070022277937662,0.12945658900670884,-0.10300229873509786,bananas
0.5742056586378693,0.24686673046583701,0.3472208711520177,-0.09305050326268892,cherries
0.2919743269447621,-1.6340262198591426,0.030667695187525407,-0.08308940281749641,cherries
1.566812676658838,0.515973427997716,0.3044495236783366,-0.0731199935012631,cherries
0.01198249830213646,-0.2378120971357164,0.6074079355569485,-0.06314327224661277,oranges
0.32926819150081826,-0.07378433024010261,1.722994320145462,-0.053160236717356125,oranges
-0.2811056946334669,1.296230083900672,3.4673035112130055,-0.04317188520872868,cherries
0.1756485428852294,1.9681487873290968,0.04181211344782167,-0.03317921654755682,apples
0.7681948793743595,-0.3824632785411566,1.357074734094812,-0.023183229992379453,cherries
-0.4168673316916888,-0.19580752185176106,0.5745184612115416,-0.01318492513352214,bananas
-0.423505177286048,1.6082979748385977,0.12532022100887355,-0.0031853017931379904,peaches
-1.3775324660936965,0.22177762028276898,1.4241242300835333,0.0068146400747701764,apples
-1.23231091172573,1.5831335252009404,4.619714232390185,0.016813900484349713,oranges
-2.245648339754689,-1.1565007983323718,0.04758437675035228,0.02681147951789235,peaches
-0.8225361889617164,0.5061823797374966,0.3549899617417617,0.03680637742582692,apples
-0.9053543062193802,-2.1191240273892045,1.0268158798811897,0.04679759472668989,cherries
0.3713478853818583,-0.31481581959352967,0.34991777065877316,0.05678413230707806,oranges
0.8961410138537215,-2.0299946332761034,1.210370447904233,0.06676499152155546,cherries
-1.3352270167234221,-0.3330747251297277,5.543281306153011,0.07673917429251892,peaches
1.7965798082481184,2.129810639355942,0.48541585481539967,0.08670568321000133,apples
0.10941710345495757,0.2340372016357564,0.19028774286825445,0.09666352163141724,cherries
-0.032470075517352516,-0.8244052353986386,2.129884818222507,0.10661169378122266,peaches
1.4353475510334577,1.144799923953469,0.5703049228547167,0.11654920485049364,apples
0.4657118181177936,-0.07171112986625874,1.2092911680359093,0.1264750610964027,peaches
0.3694935258537864,0.0385535068253451,1.0757867951633002,0.13638826994159764,cherries
1.1338448256773934,-0.6305362505266973,0.24010981996730665,0.14628784007345497,oranges
0.39719829131382917,0.11395129151191827,0.04972512280760874,0.15617278154321193,peaches
1.334136995843616,0.2614123259626495,0.5028344835484636,0.16604210586495724,peaches
-0.9125520596544078,-0.30712437537198317,0.020429848856966297,0.175894826114484,cherries
0.11227559689219799,1.1906845615305321,0.07595033875277661,0.1857299570279779,peaches
-0.19252727218942886,-0.9101038062563778,0.9524272399375668,0.19554651510054427,oranges
-0.978157722173344,2.1975252103408547,1.4776575643443466,0.20534351868455464,cherries
1.4112235134972333,-0.3820099067492555,1.7288153529385417,0.21511998808781554,bananas
-1.0072209273269237,-0.45353226805442204,3.34203349764777,0.22487494567153374,oranges
-1.3778362935600181,0.23344323969484518,0.6404752452734759,0.23460741594807996,oranges
-0.011352312907584103,-0.3944516082398098,0.3497568300603837,0.24431642567853776,apples
0.007744576709995902,-1.4067819600449587,0.7641362723061045,0.25400100397002323,oranges
1.148226785090351,-0.8891215937600953,0.8959373388841849,0.26366018237277844,peaches
0.7155285578646389,-0.06365052961218817,0.8585471969529164,0.2732929949770124,oranges
1.0519177540128277,-1.6772220089530148,0.434764956197916,0.282898478509493,cherries
0.04899834951864471,0.46161645714719635,3.1038375932003492,0.29247567242986977,cherries
-0.6427990716379485,-0.7257136654820103,0.22055230365660666,0.3020236190267324,bananas
-0.011481339318420044,-1.1331943965143558,0.3275942169958131,0.3115413635133779,bananas
-0.22978175521171418,-1.6555786716812375,0.9228266355687105,0.3210279541232898,cherries
-0.5784674832532389,1.0829185640377172,0.04793759448055338,0.330482442205311,oranges
-0.8273943036672486,-0.19626771348232405,2.6958183450182167,0.33990388231851276,cherries
-0.6059144932980268,0.7320423167260162,0.2443076100946648,0.3492913323267349,bananas
0.2521990461057522,-2.3624272602922383,0.2064356882732118,0.3586438534928004,peaches
-0.16662657318095353,-2.540295439986261,1.0069904944212649,0.3679605105723847,cherries
-0.4300495118009874,-0.08772905595438538,0.6498539496223121,0.37724037190754445,cherries
0.6522030058059394,-0.5842760860800795,1.3555893531694103,0.3864825095198794,cherries
-1.8341406620145455,-0.26541751124605534,1.321151676960844,0.3956859992033308,bananas
-0.5054863683638037,0.6638132176172503,0.3900968167855058,0.40484992061659836,cherries
-0.7743996851004806,0.8774442066498667,0.7646410805750544,0.41397335737517804,cherries
0.7396886213576895,-1.7827456442129457,0.5849392756057221,0.42305539714299684,bananas
0.1927893765216797,0.5265910029423995,1.6309907434876125,0.43209513172364716,oranges
2.24056323599933,-0.4734309619974652,0.9181261402986445,0.44109165715120235,apples
-1.3034758215112017,-0.6939390833203486,1.064004224866483,0.4500440737806176,bananas
-0.7299850162231843,-0.22837445673843396,4.290625191695833,0.4589514863776903,peaches
-0.2590128636494909,0.9398107280340348,0.36131212625265985,0.46781300420858346,cherries
0.9140053670142925,-0.2799849809202844,0.20499965348675792,0.4766277411288995,cherries
-0.18871549953223485,0.3888525945758163,0.046577285034938805,0.48539481567229026,oranges
0.494046052491935,0.25842625536847047,0.7408374564323218,0.49411335113860816,apples
0.3277790177311605,0.8429124896236143,0.04104218998405671,0.502782475681572,oranges
-1.4471047450922134,-0.9083342645509406,0.6809190431967919,0.5114013223959523,bananas
0.32807672415428957,-0.22057894783459273,0.15109553867925762,0.5199690294042587,cherries
-0.04848741422468719,-1.228005190810458,0.9746264624843219,0.5284847399429307,peaches
0.008752372453027239,-0.8647872038921113,2.6911883601121196,0.536947602448011,peaches
-0.46430448315468725,1.9616393867283697,3.722437027531404,0.545356770640302,cherries
-0.9140309719816877,0.6875817498214879,0.02095380230455026,0.5537114036099906,bananas
0.8240022741936668,-0.9814731707029559,4.75591945867967,0.562010665900743,oranges
-2.075471267668041,0.9321861142792394,0.3165470072296641,0.5702537275932459,oranges
1.492681616125977,0.14193591224240054,1.3016005647912394,0.5784397643882001,peaches
-0.7299839234402632,0.2036267510613546,0.10353522270232042,0.5865679576887463,apples
1.2460801817572036,0.6713227254198053,0.09762642232469187,0.5946374946823285,cherries
-0.3163316688665742,0.36338889335321334,1.4134321386456472,0.6026475684219722,cherries
-0.3324871427291748,-0.4642588446622573,0.5242334703861184,0.610597377906979,oranges
1.1594454920092163,-0.7026422006842138,1.288864085241302,0.6184861281630238,oranges
-0.046052333185193,0.05254314264297879,0.6607520561832089,0.6263130303216559,cherries
-0.28829384473514946,-0.4734271015744296,0.08669503318059421,0.6340773016991814,oranges
-0.3401610704465879,-0.8173830222267603,2.6363620177729454,0.6417781658749337,bananas
0.2614619137174774,0.19992886513995656,1.2014488660063458,0.6494148527689112,cherries
0.05815182321690779,-1.3568792976194595,0.11028795980971938,0.6569865987187891,apples
-1.094435191693896,-0.014559907912663093,0.04387563608961491,0.664492646556282,peaches
0.8851454539498198,1.2651321030668385,1.904390097443204,0.6719322456828615,apples
1.2264457219807938,-1.2763153595501475,2.656759066117174,0.6793046521448148,cherries
-0.5801253564351431,0.7869648161270971,0.8076624071070023,0.6866091287076385,cherries
0.446953251819485,-1.19685280120482,0.5723379937447969,0.6938449449297638,peaches
0.2614664952689948,1.4446612540867596,0.03698668939678051,0.7010113772355981,oranges
-0.8337192855698887,0.025019774829221603,2.1212254053393655,0.7081077089878839,cherries
0.705711419946279,-2.7406972108122574,1.4209558821646346,0.715133230559358,peaches
-0.3606415292593871,1.9242504826403322,0.01566846685914639,0.7220872394037184,apples
-0.6671173053781404,0.015662107446430207,0.20487768554407335,0.728969040125876,peaches
-1.0635799530841095,-1.1152431148525361,0.04433347784679563,0.7357779445514937,peaches
1.3261333999356208,-2.107874684566986,1.6815157375984555,0.742513271795802,oranges
-0.8209965580347072,0.6002325152655038,1.6079454733763185,0.7491743483316895,oranges
0.07791267569613626,-0.08258750770606198,1.8149572154316291,0.7557605080570539,apples
0.5758651525674856,-0.5273696968036666,1.8789296811925162,0.7622710923614113,peaches
0.08109332740701208,-0.5848492354434214,0.6511052245495879,0.768705450191756,peaches
-1.9667637406283491,-1.0863688498802915,0.47483050037060676,0.7750629381176671,cherries
-0.733476035350873,1.7089190181594445,0.3365075238814134,0.7813429203956501,cherries
-1.0931632286526591,-0.5222247995977874,2.876048563542132,0.7875447690327111,bananas
0.08493484388640851,-1.3012627269521373,0.05400316408260018,0.7936678638491533,cherries
-0.6027171219169081,1.2768781844584527,0.9414288421234354,0.7997115925405983,cherries
-0.13111425514581462,-0.7624533088240814,1.5359741578130413,0.8056753507392134,oranges
1.4116316769839363,-0.6571656559310042,1.3289027743757706,0.8115585420741489,oranges
-0.24661635181754643,-1.241517465542392,0.21142876839051467,0.817360578231173,cherries
-0.6357396260162635,-0.07910105465567592,0.17128645149696106,0.8230808790115055,bananas
0.6442953958239319,0.30989924084849246,0.1670635525921979,0.8287188723898354,peaches
2.018374151364956,-0.11490355686117033,0.9952122664829145,0.834273994571523,cherries
1.5218246716716504,1.2034881990295887,0.5236982922697335,0.8397456900489799,oranges
0.2059457674930298,0.5118940842559953,0.2243301820617677,0.8451334116572173,oranges
1.7390660216689833,0.2396015069066148,0.6212232809318076,0.8504366206285644,bananas
-1.1933906145314543,-0.23909648247096973,0.3392712503641675,0.8556547866465435,apples
-0.24063254510804463,-0.30729304378388284,0.10608816562880456,0.8607873878989016,peaches
1.0122448527045722,-1.0197444919626675,1.4145048048278486,0.8658339111297899,apples
-1.395287082060422,0.12088641230122277,4.640535529603983,0.870793851691091,bananas
0.723294839116802,2.2174895178112664,1.1040893308305877,0.8756667135928822,oranges
-0.0042185693631030035,-1.0595404063290093,0.3967575694938573,0.8804520095530343,oranges
-1.7138185104145076,-1.2690870736927407,0.8776863635830745,0.8851492610459382,cherries
0.4647554189377428,0.9001762992914301,1.1848998457999762,0.8897579983503595,peaches
-1.3069381586336923,0.07476638068188589,0.26049578676880014,0.8942777605964083,peaches
1.6183568332470937,0.46378444456865,0.4786991256068324,0.8987080958116268,bananas
0.9951882818354688,0.4863635027761555,0.5677675328810541,0.9030485609661847,oranges
-1.6218162842625385,-0.2887444857534417,1.0694891296796938,0.907298722017184,bananas
-0.6294369555928884,0.885413522105167,1.976778438105053,0.9114581539520612,peaches
-2.0224756260690966,1.1958077078822185,1.276852634651323,0.9155264408310895,peaches
0.8330767802487434,-1.5954740203506277,2.674603163505429,0.9195031758289706,bananas
0.46715768354895887,-1.1468952065779243,0.268178467863538,0.9233879612755188,cherries
-0.7219678895454311,-0.2756603912255313,1.842276039162022,0.927180408695427,cherries
0.39375041979543046,0.6951123178555518,0.30243850719711124,0.9308801388471136,apples
-0.10778995888412943,-0.34382827627427287,2.7902586513874046,0.934486781760646,peaches
-2.131687403074934,0.8844495806397416,0.24915480953573452,0.9379999767747389,apples
0.29641054358385077,1.7803715065809707,0.2394989919302914,0.9414193725728183,peaches
-1.236763103218217,-0.004933459393819304,0.522520967932354,0.9447446272181539,bananas
-0.5885674675909528,1.9015938821365623,0.3525418105586621,0.9479754081880525,cherries
0.44296597449941166,0.12445180306334808,0.0736694215034909,0.9511113924071091,cherries
-1.7801874294747102,-1.2632306392949741,0.18397322668674196,0.9541522662795149,peaches
-0.06336598953348312,-0.212785998133477,0.1899481913066986,0.9570977257204172,cherries
-0.9616945143761951,-0.9175402904712939,3.3701589476100873,0.9599474761863263,peaches
-0.8262111954123738,0.01522503581314975,0.43683128808628524,0.9627012327045703,oranges
0.006576124725299877,-0.10908305761045115,0.9955353748319621,0.965358719901792,cherries
-1.0081804720369525,-0.6748471728849139,0.12260592845581311,0.9679196720314865,cherries
0.2422667716496262,1.3607890114901784,0.1181720404543723,0.9703838330005752,cherries
-0.4689115029294637,0.2958549945875764,0.08117031322362758,0.972750956395014,oranges
0.0068022194684948835,0.5496533148396434,0.3723095365528861,0.9750208055044364,cherries
0.5493288214154964,-1.6224023981230622,0.5459882106584154,0.977193153345823,apples
0.6399788368616542,-0.7663887956442967,6.688403895066189,0.9792677826862001,cherries
0.29468074084756624,0.5647923434520967,0.8096913728359681,0.9812444860643621,apples
-0.11891812248382316,-2.7306540034816233,0.012492132045518984,0.9831230658116189,oranges
0.6504559271280496,0.4730999247009188,0.3181037814782714,0.9849033340715608,cherries
0.20494387568147696,1.0983933665969903,1.1732620649064553,0.9865851128188459,cherries
-1.3590300480428483,-0.5014658847001273,0.33504119011195,0.9881682338770004,peaches
0.4349592373589725,0.7210454197342531,2.2324882643025252,0.989652538935238,oranges
0.027168920186935695,0.18989766822358425,1.5248170349006864,0.9910378795642897,cherries
0.5804702910717088,-0.14238119447151135,2.116452090378729,0.9923241172312474,cherries
-0.7321961130216014,-0.7383304057000647,1.38626504890492,0.9935111233134158,cherries
-0.014091005695535043,-0.7195930518532628,0.059891167148904925,0.994598779111176,oranges
0.03076355044685109,-0.028121131458548748,0.09721450937158356,0.9955869758598547,peaches
-0.9620571559850855,-1.4162221004353808,0.5915763002830051,0.9964756147406004,peaches
-0.37515196823812325,0.3445848141804439,0.12737745154188926,0.9972646068902659,peaches
0.17837971443568038,0.3206682051035859,1.9027171518608466,0.9979538734102933,peaches
0.08251810956713822,0.09123484209965091,0.2645369187356623,0.9985433453746051,cherries
0.8843247448012512,-0.9642304859503413,0.1120119325745424,0.9990329638364961,oranges
-0.48149929488172266,-1.420446351925784,0.09203201990268375,0.9994226798345281,cherries
-0.7813520384095983,1.051877944292521,0.25034072485760983,0.9997124543974262,cherries
-0.4346791652913247,-0.29640676127472054,0.47003256629264506,0.9999022585479753,cherries
-0.018714390643084958,-1.280758091503183,0.9652652151092792,0.9999920733059187,oranges
0.026107213157571234,-1.055816947259835,1.3719522344723414,0.9999818896898556,cherries
1.4609133891587929,0.23178892663372908,0.9437491582022436,0.999871708718139,oranges
-0.1396773571528734,0.7456286350292681,0.33157539548149,0.9996615414087744,peaches
1.9022085438761285,1.471708167845551,2.1795385305247765,0.9993514087783171,cherries
-0.005975872717685043,0.7382898583481864,0.9470828628199001,0.9989413418397722,oranges
1.182637960398649,1.5603262298838048,1.7571333886110274,0.9984313815994915,peaches
0.988921320261095,1.618517197213639,0.7935116552613345,0.9978215790530744,cherries
0.36656251951244057,0.46337566867230007,0.044307823746642175,0.997111995180267,peaches
0.7586440777475157,0.046711093930201716,1.1410870197686591,0.9963027009388655,cherries
2.2539216099443182,2.3935095187046875,5.690642648610638,0.9953937772576198,apples
-0.5700405450626033,0.21015462580324276,1.6591897987053748,0.9943853150281403,peaches
0.14184325739853934,-0.15710292437478957,0.5250660836331523,0.9932774150958096,peaches
-0.24646896327358028,0.5930183792041855,1.6034560697758378,0.9920701882496978,oranges
-1.0386489534344077,-1.2264186460152757,0.2936255857754922,0.9907637552114835,apples
0.8405094210521361,0.8718327781160206,1.3202513426546318,0.9893582466233817,apples
0.4639639856213173,-1.2265899206808413,0.8204378042939316,0.9878538030350801,bananas
-0.6832450363473082,0.5694927892795101,1.1762889321454908,0.9862505748896837,oranges
-0.7951442016311218,-1.2669035463116578,0.6520303682659582,0.9845487225086711,cherries
-2.0292904524632136,-0.5087233734204811,0.44737024082387894,0.9827484160758622,bananas
-0.46740698129133573,1.4736858216191904,0.11549820026982459,0.9808498356203996,peaches
0.9390820109478634,0.18102853463594237,0.2185978459979279,0.9788531709987475,cherries
0.009433066007651165,0.7348836432481245,0.42942424642908794,0.9767586218757036,cherries
0.6314909060128004,0.965971929269415,0.052254715738634064,0.9745663977044352,apples
-1.2787063705057202,0.21427731743971853,0.1772949607045786,0.9722767177055323,cherries
-0.08483429713880546,-0.24041431338203195,0.12081512215086483,0.9698898108450865,cherries
1.2250881547997154,-0.7869607896426062,2.8015417900726294,0.9674059158117951,cherries
-0.10874710525856635,-0.09626458699475343,2.9907697193959586,0.9648252809930915,apples
-0.7011129427311201,-0.20099364446892637,0.29490514738484985,0.9621481644503065,bananas
1.1297769609560548,0.03635262448721598,0.1789593433669044,0.9593748338928644,oranges
0.17984241823093441,0.7765876003188715,0.3310231952004158,0.9565055666515092,oranges
0.8529406547951792,0.21306908377185826,0.14459048725869963,0.9535406496505744,peaches
-1.1353827110519594,-0.028543550589776687,0.4779570048050936,0.950480379379289,apples
-1.0070794548083501,-1.7596235006901582,0.5795579920501965,0.94732506186213,cherries
-0.04165788389997131,1.2213368347419087,2.056613762374577,0.9440750126282197,apples
-0.22429887850653973,-0.7663548373710112,0.2898314615361393,0.9407305566797732,cherries
-0.6025335359432292,-0.3191674011779805,1.0355401485566407,0.9372920284595976,cherries
0.7037100349221219,0.49584172354423917,1.2561944055465302,0.9337597718176507,oranges
-0.07187795238098497,0.5248889072164179,0.3042646713065956,0.9301341399766526,bananas
-0.7864114028217503,-1.732548919801125,0.7480575188652541,0.926415495496766,apples
0.3666908392269695,1.3548223271118516,0.30530684542498876,0.9226042102393402,cherries
-2.5265976428992145,0.9907743476895561,0.021927601952832183,0.9187006653297247,cherries
0.965828884112003,0.17210762813570432,0.6303733423387047,0.9147052511191575,peaches
0.4688299724958764,0.6311490007350025,1.8860315344511056,0.9106183671457303,bananas
-0.12890900555720322,-1.1871966818723112,1.1055042682587313,0.9064404220944347,cherries
0.8390314158228271,0.7540607543428474,0.6309890978970314,0.9021718337562933,bananas
-0.6251648304447232,0.047225527517900226,0.31873026946939625,0.8978130289865843,cherries
-1.6164786097883426,-0.4400901502560539,1.547369284280196,0.8933644436621518,apples
0.8754359264901795,-0.8025254728282166,0.3759677406140987,0.888826522637821,peaches
-1.297838035315739,0.4901316200860989,0.06084445106234752,0.8841997197019127,peaches
1.225475616358073,-0.19421182445048266,0.5732101672105288,0.8794844975308648,cherries
-0.7851409355740759,-1.3136869434953116,0.08176848393019023,0.8746813276429651,oranges
-0.9459994489727112,-0.5113417466843364,0.30688560500959394,0.8697906903511999,peaches
0.6833694559581778,-0.3286997580302848,2.130657007121426,0.8648130747152218,cherries
-0.15727134282869895,-0.6678570906601051,0.29364712277260724,0.8597489784924482,cherries
1.7962962689827262,-1.1639649984537142,0.03433376161979156,0.8545989080882804,cherries
0.6296405668234517,0.3748669094171219,2.8577129269224497,0.8493633785054673,oranges
0.09814223023098756,-1.2237225726391088,0.4094555053605079,0.8440429132926041,cherries
1.4043291235300108,-0.6228054034852746,0.7303465321521312,0.8386380444917783,peaches
-0.1588329111044562,-1.9473989168584818,0.6133168565707658,0.833149312585366,cherries
-2.147575136282971,-0.41316176347298883,0.9260820482220208,0.827577266441984,apples
1.4175021097890312,0.14212909498965096,0.7587262468384227,0.8219224632616022,apples
-0.8201061751206495,-1.0742443574366325,0.9403138612491246,0.8161854685198284,cherries
0.32784034671630763,0.16566214185876546,1.560488870350712,0.8103668559113549,cherries
-0.38651146307060746,-1.0826544313871502,0.07208532754788845,0.8044672072925937,cherries
0.8830771724588493,-0.2916110414071214,0.4149974252953653,0.7984871126234904,cherries
-0.4671676165496234,0.2599218401479755,1.91736498913041,0.7924271699085284,apples
0.8796340688466044,-0.001984038029757363,0.8102678325547976,0.7862879851369293,oranges
0.5153880531993807,-0.413196956046429,0.4564703182485061,0.7800701722220543,bananas
-0.3992480781391364,-0.553125537918191,0.4416473209651729,0.7737743529400135,cherries
-0.26017910760185636,-0.20308158743410493,1.014331353411811,0.7674011568674873,cherries
2.7139066581728524,0.6261407014146014,0.05068283157365149,0.7609512213187745,cherries
-1.8096069977026696,-0.7627509924034841,0.5877360641798787,0.7544251912820535,peaches
-0.13768080924119486,0.75384023293898,0.3130641508954947,0.7478237193548899,cherries
-0.06399427927614443,-0.1648948362939513,0.4096366252017033,0.7411474656789753,cherries
0.25854095724012266,1.6879348954762112,1.8933264020192628,0.7343970978741134,bananas
-0.4145967745555055,1.083382364229198,0.13549665855828266,0.7275732909714598,oranges
0.0881575964141375,0.2204162696266744,0.7952301805551882,0.7206767273460181,oranges
0.1916406401206171,-1.2074248470968554,0.40603668999484976,0.7137080966484025,apples
1.7581730476903668,0.0959625556584677,0.08686404345272015,0.706668095735878,oranges
0.6578594206530208,0.7796535186017967,1.0146857891693903,0.699557428602668,peaches
0.024915943665938557,-0.06582778182544868,0.32901846094616277,0.6923768063095604,apples
-0.736251265011152,0.8065361183181139,4.873532741949504,0.6851269469128006,peaches
0.8667384190471307,1.0375112323990667,0.32700088789369697,0.6778085753922867,cherries
0.4019524101872047,-1.930431680389798,2.847749035003664,0.6704224235790722,peaches
-0.10291427337525343,-0.659933358447211,0.05704773409315848,0.6629692300821833,cherries
1.7364038142205986,1.6848256435074858,0.017353272984955908,0.6554497402147573,peaches
0.6066469282740221,1.1010941624834993,0.21348551034228003,0.6478647059195175,oranges
-1.660315827314276,0.6969365620073309,0.4619494086060335,0.6402148856935712,cherries
-0.21993436126487098,1.0600792973986313,3.3402967505288186,0.6325010445125662,cherries
1.3579352505528925,-0.8616826502284628,1.8183210033947392,0.6247239537541923,apples
0.12028012006795975,0.9346263849592787,1.0967525054327958,0.6168843911210447,cherries
0.1392226570684185,-2.649334730008333,0.2562661061054122,0.6089831405628534,bananas
1.1389974919555035,-1.0864501556458712,1.5878904231055553,0.6010209921980902,apples
0.5133201785145941,-1.5695572137498168,0.9647405190999737,0.5929987422349564,apples
0.24971501468338222,1.5856815672339564,0.0361586421492299,0.5849171928917616,apples
-1.8360782686310897,1.2739492892806596,0.5267045536701831,0.5767771523167083,cherries
-0.04184763115617446,0.5827602215048865,0.6831442892452781,0.5685794345070695,oranges
0.9936244748748781,-1.4972759601872998,0.35959669927478893,0.5603248592277946,cherries
2.0305630546357696,0.0922464596046461,0.6569848423626846,0.5520142519295328,oranges
0.11119228503531665,-0.48022218017932716,2.224881337708065,0.5436484436660883,oranges
-3.449275573755339,0.6034163565046108,0.6195467546032907,0.5352282710113161,oranges
-0.06460372699488601,1.6644960732065133,0.08214297874926327,0.5267545759754648,cherries
-1.5846978991441976,0.43163261611016257,1.4128697527482759,0.5182282059209751,peaches
-0.32026697674802684,-2.5713226512166236,1.2396056891432887,0.5096500134777503,cherries
1.4147817913173384,0.684124756648622,0.9394224947994799,0.5010208564578846,cherries
0.13284811051172732,0.1602120304699769,0.0652596706476873,0.4923415977698891,oranges
0.7335489779498612,-0.210639810581747,0.5660521805515181,0.48361310533239993,peaches
-0.5240023531586467,-1.4552095599187944,0.2592583501025848,0.47483625198738716,oranges
3.4621402435085824,-0.7093859082010183,0.08486604447559733,0.4660119154128711,peaches
-1.1506979535960602,-0.660048852045224,0.29777466646317396,0.4571409780351558,cherries
1.2953306122871278,-0.6978604073482382,0.5959681653602881,0.4482243269405849,peaches
0.20850626920759904,0.2402177255508248,0.6439626519780822,0.4392628537868406,cherries
-0.44402858845164567,-1.2257412240320447,0.8396613961043474,0.43025745471376875,peaches
1.0700506908467884,1.5202871005473895,0.3484742123997645,0.42120903025377215,peaches
0.09748293616835325,0.35339134624938845,0.24499980167867166,0.4121184852417566,peaches
0.7885802942319796,-0.3891717618940618,1.1026791771829458,0.4029867287246478,oranges
-0.34713998775110105,-2.498799667697776,1.2961264378441082,0.39381467387048763,peaches
0.3110260113928071,1.0549827269988328,1.0582538476792418,0.38460323787711825,peaches
0.4699952072017726,0.3269799003761624,0.5986298159070812,0.3753533418804628,bananas
1.001444917349,-0.4909409131924566,3.606197183529843,0.3660659108624111,oranges
-1.4426032038735748,1.4914893393757247,1.2789287768517656,0.35674187355832865,cherries
1.4008036558942072,0.113360211793389,2.0059217504924773,0.3473821623641743,bananas
0.2065046750234871,0.658882996411957,1.1569297396719778,0.3379877132432677,oranges
1.2542083801768424,0.2614919265925941,3.570323686763596,0.3285594656326922,cherries
-0.7628080789055758,-0.5224853248851191,0.43269499734911054,0.3190983623493522,peaches
1.1968336813589073,2.654693085519183,0.24970261475864225,0.3096053494956916,oranges
-0.806292266601406,1.9289047959630754,2.0160167012462753,0.30008137636508503,cherries
-0.9371107513924017,-0.30125584988765186,1.8308831541406325,0.29052739534690725,bananas
0.771026138647172,-0.46167028029882856,0.2509710587351815,0.28094436183130184,cherries
-1.6269552220487635,0.35804927716973445,0.42025706846126826,0.2713332341136328,peaches
0.271329718326895,0.75510829604534,2.601183941677467,0.26169497329866265,apples
-0.9320957151107881,0.17844825618871618,1.770120711080267,0.2520305432044411,apples
1.5611494531903038,1.0568473425927096,0.4118740592598435,0.2423409102659238,peaches
0.462578159056229,0.9411359538396932,0.12864752879583113,0.23262704343833004,apples
0.06320078254209534,-0.23066277246688943,1.6991415580014955,0.22288991410024767,cherries
-0.5331226619496303,-2.6880854649361354,2.321733243361961,0.21313049595649453,cherries
1.6164073145994937,0.4254638778620417,4.838311955063645,0.2033497649407556,apples
0.20656729558841883,-0.33959186448980344,0.30652485362706383,0.19354869911798017,oranges
-0.5582993496399282,-0.559893645209393,1.7159830194583705,0.183728278586583,peaches
-0.9993754289901917,-1.3653474124361376,0.9815587573470735,0.17388948538043356,apples
-1.276531174696919,-0.6288293745440193,1.2740263289140077,0.1640333033706535,apples
-1.5819531830347293,0.6398997713849637,0.7228984793220756,0.15416071816723034,oranges
0.404915295315668,0.23632240406495106,2.8858604336786042,0.14427271702045727,cherries
-1.4537589619676354,0.704246763401338,1.2510654542155175,0.13437028872220905,bananas
0.04517708713384983,1.6770988450538071,0.9136107754250324,0.1244544235070617,cherries
0.1063772372699552,-0.4289679492997887,0.8570057869644698,0.11452611295327708,peaches
-0.6331675509283556,-1.4009480533899659,0.10481401113219829,0.10458634988363526,bananas
0.2998352646914663,1.1804828394884157,0.8835717227886342,0.09463612826616005,cherries
-1.755436552793009,0.506090215971816,1.219655013522513,0.08467644311472142,peaches
0.03686643039263742,0.6049139772841293,0.15513912930705218,0.07470829038953478,peaches
-0.03881729281744198,-0.4053018037457135,0.3134173946585694,0.06473266689756589,cherries
0.7132319332767262,-0.22339300421516906,1.443866845872461,0.054750570192850956,peaches
-1.5682731698391525,-1.5874601771319337,2.171024693638062,0.04476299847674028,peaches
0.48693039205406635,-1.2035016525893958,2.3356651542004965,0.03477095049808608,peaches
0.36764620035192574,0.27161331174962694,0.5653102835789423,0.024775425453357765,apples
0.08332028352784145,0.46697846952439337,0.8753394496227533,0.014777422886730236,peaches
0.5019795881224938,0.35476198088786204,0.23452174527378275,0.004777942590128512,apples
-0.0703978138281719,-0.7207914919915648,0.049536263119512085,-0.00522201549675062,peaches
-0.0929330988825859,-1.947512869000473,0.6042986415594004,-0.015221451386431741,peaches
-0.16716073637590242,0.6386200948411163,0.21486038053438586,-0.02521936514365872,bananas
0.5518226166683052,-0.29805448851221344,0.3636374267411421,-0.03521475698538918,oranges
-0.003729955139010246,-1.7137144219529805,1.7436405863473046,-0.045206627380764856,cherries
0.9443471135361491,1.7767415723988114,1.2870156633011183,-0.05519397715107452,cherries
-1.9977255940905498,-0.12545262706034688,0.19478577065147148,-0.0651758075696639,oranges
1.3256664880687137,-0.09001981787336198,1.311479487002388,-0.07515112046180931,cherries
-0.9242749989720683,2.2572367596812466,2.6058791834464565,-0.08511891830453427,oranges
0.4500488250964741,0.06779974949106968,1.8086234138836694,-0.09507820432636097,peaches
1.7577379703900717,0.4535872416607772,2.5443600717761403,-0.1050279826069866,cherries
0.9715089881325804,-1.7646455039948301,0.04272859279125943,-0.11496725817687456,cherries
-0.8184053409747248,-1.04350697915611,1.7470909938815724,-0.12489503711675233,cherries
-1.4490250502529105,0.6758287799303724,0.9362694392309593,-0.13481032665699552,cherries
0.9688165585488206,0.7354657341893776,1.9298022777174255,-0.14471213527691457,peaches
0.30341986174538865,1.157408598355481,1.2143702714145204,-0.15459947280389896,peaches
-2.302545973020014,1.818496321292143,0.2721499485078088,-0.16447135051243542,oranges
-0.35377865910604417,0.6732199714479711,0.1776835014964596,-0.17432678122297965,cherries
1.9534439953585008,-1.343528814032588,0.32220135260841487,-0.18416477940067344,apples
-0.3059223205499482,-1.6056440286178437,0.5897506253699207,-0.19398436125389726,oranges
0.769801502164552,0.10435558772723764,0.4643039137558184,-0.20378454483265054,apples
-1.3233915352625847,-0.4824489230100667,0.7122005816556698,-0.21356435012673872,peaches
1.9941418099251293,0.20399709262351753,0.8789211546855875,-0.22332279916378392,peaches
-0.9789600643082291,0.29936510053485743,0.5997226474216454,-0.23305891610701446,cherries
0.09416364391183804,0.9442315877294731,1.03119751123447,-0.24277172735284938,peaches
0.9746190469509266,0.8846437323057432,0.38141043840561073,-0.25246026162825813,oranges
-2.413849208089566,-0.748809167027439,1.5102606288723948,-0.2621235500878869,bananas
-0.14991766957841926,0.4653224487889417,0.6879743592201029,-0.27176062641094245,apples
-1.2148560840392568,-0.5468263216320214,0.14629927760465763,-0.28137052689782505,cherries
-0.48145237847777245,-0.5255366800629414,0.33476140438039637,-0.29095229056649086,peaches
-0.48437630643779794,0.41287790282689973,0.3851426422593206,-0.3005049592485594,peaches
-1.2012711216502683,0.5650570410835926,0.038209416286082085,-0.31002757768512307,bananas
-0.6424839378143143,1.0090470367845308,1.684719979664531,-0.31951919362227366,peaches
-0.505238018556615,0.6165246881075798,1.6991682637260306,-0.32897885790632714,cherries
0.060763158071304085,-1.217666219199328,1.4276299702875281,-0.33840562457873813,oranges
0.15777149342111332,-0.5052556550409042,0.9832162493140459,-0.347798550970695,cherries
0.2732738457702908,-1.0608726133033588,0.11906752761176168,-0.35715669779738596,cherries
2.1395833692198667,0.511183058829614,0.21275742171792084,-0.36647912925192844,cherries
0.36313709607025385,1.7381883354388894,0.6274661119712647,-0.3757649130989423,cherries
-0.479204431888504,-0.9685598251832045,1.2035190965515703,-0.38501312076778266,peaches
-0.46847422486874857,-0.2930745712424101,0.10616173511012249,-0.39422282744538945,oranges
0.36340040620095215,-1.5379322932089334,5.4692639174293785,-0.4033931121687696,cherries
0.22552985277045023,-1.6445817499373516,1.1530959335889244,-0.4125230579170927,peaches
-0.026449428345936637,-0.9858242212381804,1.9217593088163734,-0.42161175170339216,peaches
1.9237236277396597,0.9005622662281212,1.4653214699896737,-0.4306582846658632,apples
-1.291432351313,-1.4282625531572855,0.8146636524607122,-0.43966175215875003,apples
0.8417966725605462,0.8581753435318882,0.06921244074888099,-0.44862125384280294,oranges
-0.07903347756967992,-0.5262528879447643,0.1389182682856947,-0.45753589377532133,peaches
-0.8940817450115341,-0.21686966944565458,2.127307700956124,-0.4664047804997408,bananas
0.2772784414497689,-0.9846850106656502,2.391709447088813,-0.47522702713477977,apples
-0.27172430693549665,-0.2062767702221169,0.9046123506398733,-0.4840017514631264,oranges
-0.4094306588209317,-2.0315825626177615,0.3018059427988525,-0.4927280760196602,cherries
-0.8582866312030859,-0.5382873397318485,2.259120606120274,-0.5014051281791974,apples
-1.5777838178993002,-0.2248405558873843,2.694590384855994,-0.5100320402437544,oranges
0.5401722055735466,1.8824963858200088,0.4493671664841424,-0.5186079495293107,apples
-1.2777599267600641,-0.6398498010828306,0.10772555653141092,-0.527131998452086,peaches
-0.7193552348927132,0.4133122243925804,1.2030181798766704,-0.5356033346142913,peaches
